algorithm,N,r,ratio,case,trials,cover_count_mean,cover_count_median,cover_count_std,header_bytes_mean,header_bytes_median,header_bytes_std,key_material_mean_mean,key_material_max_mean,setup_ns_mean,setup_ns_median,keygen_ns_mean,keygen_ns_median,cover_ns_mean,cover_ns_median,header_encrypt_ns_mean,header_encrypt_ns_median,authorized_recover_ns_mean,authorized_recover_ns_median,revoked_reject_ns_mean,revoked_reject_ns_median
CS,8,0,zero,random,20,1,1.0,0.0,115,115.0,0.0,4,4,7950,7000.0,10735,10200.0,465,400.0,5635,5200.0,5000,4600.0,,
SD,8,0,zero,random,20,1,1.0,0.0,145,145.0,0.0,7,7,4470,3900.0,304840,300450.0,460,400.0,6505,6300.0,4710,4400.0,,
CS,8,1,single,random,20,3,3.0,0.0,289.6,290.0,0.5026246899500346,4,4,7480,7000.0,10615,10300.0,8565,7900.0,14210,13400.0,4830,4700.0,700,700.0
SD,8,1,single,random,20,1,1.0,0.0,142.6,143.0,0.5026246899500346,7,7,4140,4000.0,315310,298500.0,10610,9200.0,13965,13200.0,9625,9050.0,1325,1200.0
CS,8,1,single,contiguous,10,3,3.0,0.0,289,289.0,0.0,4,4,7620,7000.0,12820,10000.0,8770,8000.0,15110,13400.0,5360,4700.0,760,700.0
SD,8,1,single,contiguous,10,1,1.0,0.0,142,142.0,0.0,7,7,4960,4000.0,312970,306450.0,11310,9350.0,16220,13050.0,8980,6700.0,1440,1100.0
CS,8,1,single,uniform,10,3,3.0,0.0,289,289.0,0.0,4,4,9920,10250.0,13620,12450.0,8350,7800.0,15700,13400.0,6970,6300.0,980,950.0
SD,8,1,single,uniform,10,1,1.0,0.0,142,142.0,0.0,7,7,5630,5950.0,331470,309750.0,10310,9200.0,14350,12950.0,8200,6800.0,1490,1300.0
CS,8,1,single,clustered,10,3,3.0,0.0,290,290.0,0.0,4,4,8820,7250.0,12160,10000.0,9030,7700.0,16010,13350.0,6560,6100.0,960,900.0
SD,8,1,single,clustered,10,1,1.0,0.0,143,143.0,0.0,7,7,4280,4000.0,322780,305700.0,11150,9200.0,16710,13500.0,15750,14700.0,1490,1300.0
CS,8,1,0.01,random,20,3,3.0,0.0,289.6,290.0,0.5026246899500346,4,4,7800,7000.0,11505,10200.0,9035,7900.0,13440,13400.0,5255,4700.0,835,700.0
SD,8,1,0.01,random,20,1,1.0,0.0,142.6,143.0,0.5026246899500346,7,7,4505,4000.0,324455,310950.0,10810,9400.0,16095,13300.0,9690,9050.0,1435,1300.0
CS,8,1,0.01,contiguous,10,3,3.0,0.0,289,289.0,0.0,4,4,7240,7000.0,10080,10000.0,7840,7800.0,13330,13300.0,4700,4700.0,750,700.0
SD,8,1,0.01,contiguous,10,1,1.0,0.0,142,142.0,0.0,7,7,4560,4000.0,335370,312700.0,9950,9250.0,13010,12800.0,7310,6700.0,1260,1100.0
CS,8,1,0.01,uniform,10,3,3.0,0.0,289,289.0,0.0,4,4,7260,7100.0,11010,10000.0,7830,7800.0,14620,13450.0,5660,4700.0,780,700.0
SD,8,1,0.01,uniform,10,1,1.0,0.0,142,142.0,0.0,7,7,5130,4000.0,319860,322050.0,10180,9200.0,16170,12950.0,7980,6700.0,1360,1100.0
CS,8,1,0.01,clustered,10,3,3.0,0.0,290,290.0,0.0,4,4,8030,7100.0,11940,10050.0,8810,7800.0,14320,13300.0,5040,4600.0,750,700.0
SD,8,1,0.01,clustered,10,1,1.0,0.0,143,143.0,0.0,7,7,4760,4000.0,329890,305950.0,9950,9200.0,14180,13300.0,11150,10800.0,1400,1200.0
CS,8,1,0.05,random,20,3,3.0,0.0,289.6,290.0,0.5026246899500346,4,4,7305,7000.0,10435,10200.0,7920,7900.0,13430,13400.0,5015,4700.0,725,700.0
SD,8,1,0.05,random,20,1,1.0,0.0,142.6,143.0,0.5026246899500346,7,7,4370,4000.0,321220,299850.0,11275,9400.0,14710,13300.0,10640,10950.0,1355,1300.0
CS,8,1,0.05,contiguous,10,3,3.0,0.0,289,289.0,0.0,4,4,6970,7000.0,10050,10050.0,8510,7900.0,16220,13350.0,6130,4700.0,890,700.0
SD,8,1,0.05,contiguous,10,1,1.0,0.0,142,142.0,0.0,7,7,5150,4000.0,325330,299250.0,10730,9200.0,14800,12950.0,7430,6800.0,1340,1200.0
CS,8,1,0.05,uniform,10,3,3.0,0.0,289,289.0,0.0,4,4,7720,7000.0,10820,10100.0,8510,7900.0,14560,13300.0,5090,4700.0,750,700.0
SD,8,1,0.05,uniform,10,1,1.0,0.0,142,142.0,0.0,7,7,4580,4000.0,296010,296000.0,9240,9200.0,12870,12900.0,7110,6800.0,1430,1200.0
CS,8,1,0.05,clustered,10,3,3.0,0.0,290,290.0,0.0,4,4,7100,7000.0,10940,10100.0,7860,7800.0,13620,13300.0,4590,4600.0,700,700.0
SD,8,1,0.05,clustered,10,1,1.0,0.0,143,143.0,0.0,7,7,4040,4000.0,301880,298650.0,9940,9200.0,13350,13000.0,10770,10800.0,1240,1200.0
CS,8,1,0.10,random,20,3,3.0,0.0,289.6,290.0,0.5026246899500346,4,4,6975,7000.0,10570,10200.0,8215,7900.0,14365,13400.0,4915,4700.0,735,700.0
SD,8,1,0.10,random,20,1,1.0,0.0,142.6,143.0,0.5026246899500346,7,7,4195,4000.0,302110,298850.0,9905,9300.0,13690,13200.0,8910,9000.0,1255,1200.0
CS,8,1,0.10,contiguous,10,3,3.0,0.0,289,289.0,0.0,4,4,7510,7100.0,10640,10100.0,7970,7900.0,13390,13400.0,4930,4700.0,700,700.0
SD,8,1,0.10,contiguous,10,1,1.0,0.0,142,142.0,0.0,7,7,4660,4000.0,300830,296450.0,9400,9200.0,13020,12900.0,6720,6700.0,1110,1100.0
CS,8,1,0.10,uniform,10,3,3.0,0.0,289,289.0,0.0,4,4,7610,7050.0,10940,10050.0,9040,7900.0,15370,13450.0,5930,4750.0,860,700.0
SD,8,1,0.10,uniform,10,1,1.0,0.0,142,142.0,0.0,7,7,4290,4000.0,297350,297800.0,9280,9300.0,12830,12800.0,6700,6700.0,1100,1100.0
CS,8,1,0.10,clustered,10,3,3.0,0.0,290,290.0,0.0,4,4,7050,7050.0,10070,10100.0,8520,7700.0,13360,13350.0,5210,4600.0,750,700.0
SD,8,1,0.10,clustered,10,1,1.0,0.0,143,143.0,0.0,7,7,4300,4000.0,294750,295000.0,10460,9200.0,13020,13000.0,10740,10700.0,1190,1200.0
CS,8,2,0.25,random,20,3.65,4.0,0.5871429486123998,346.75,377.0,51.209451224718684,4,4,7000,7000.0,10840,10200.0,11705,12200.0,16070,17400.0,5305,4700.0,775,750.0
SD,8,2,0.25,random,20,2.2,2.0,0.5231483637805969,281.2,258.0,60.38525438688175,7,7,4450,4000.0,296465,296300.0,14530,14350.0,22320,21300.0,7345,6500.0,1715,1500.0
CS,8,2,0.25,contiguous,10,2,2.0,0.0,202,202.0,0.0,4,4,6990,6950.0,10630,10000.0,8830,8750.0,9330,9250.0,5160,4700.0,880,700.0
SD,8,2,0.25,contiguous,10,1,1.0,0.0,142,142.0,0.0,7,7,4420,4000.0,296730,296800.0,9930,9700.0,10590,10600.0,6520,6500.0,1090,1000.0
CS,8,2,0.25,uniform,10,4,4.0,0.0,377,377.0,0.0,4,4,7140,6950.0,10030,10050.0,12480,12350.0,17330,17300.0,5650,4700.0,890,800.0
SD,8,2,0.25,uniform,10,2,2.0,0.0,258,258.0,0.0,7,7,3990,4000.0,297510,296750.0,14520,14350.0,21050,21050.0,6930,6400.0,1720,1400.0
CS,8,2,0.25,clustered,10,2,2.0,0.0,202,202.0,0.0,4,4,7470,7000.0,10030,10000.0,9810,8800.0,9350,9300.0,4610,4600.0,660,700.0
SD,8,2,0.25,clustered,10,1,1.0,0.0,142,142.0,0.0,7,7,4260,4000.0,297630,297000.0,9760,9600.0,11950,10800.0,10050,8600.0,1090,1100.0
CS,8,4,0.50,random,20,3.05,3.0,0.39403446282620613,294.9,290.5,34.87858640303079,4,4,7255,7000.0,10475,10200.0,16200,15700.0,13610,13400.0,4635,4600.0,750,700.0
SD,8,4,0.50,random,20,2.45,2.0,0.6863327411532597,310.3,259.0,79.31821321341285,7,7,4180,4000.0,312150,297200.0,18330,17400.0,22870,19200.0,7115,6750.0,1730,1550.0
CS,8,4,0.50,contiguous,10,1,1.0,0.0,115,115.0,0.0,4,4,7530,7000.0,10010,10000.0,12260,12100.0,5590,5100.0,4800,4600.0,600,600.0
SD,8,4,0.50,contiguous,10,1,1.0,0.0,142,142.0,0.0,7,7,4480,4000.0,295890,295550.0,12540,12500.0,8630,8400.0,6330,6300.0,1090,1000.0
CS,8,4,0.50,uniform,10,4,4.0,0.0,379,379.0,0.0,4,4,7760,7000.0,10240,10000.0,17450,17500.0,17420,17300.0,4600,4600.0,820,800.0
SD,8,4,0.50,uniform,10,4,4.0,0.0,490,490.0,0.0,7,7,4020,4000.0,297670,297500.0,19840,19600.0,32660,32650.0,6180,6200.0,2550,2400.0
CS,8,4,0.50,clustered,10,1,1.0,0.0,115,115.0,0.0,4,4,7040,7000.0,10080,10100.0,12010,12000.0,5270,5150.0,4970,4600.0,650,600.0
SD,8,4,0.50,clustered,10,1,1.0,0.0,142,142.0,0.0,7,7,4380,4000.0,296320,295700.0,12700,12500.0,8560,8600.0,6320,6300.0,1000,1000.0
CS,16,0,zero,random,20,1,1.0,0.0,115,115.0,0.0,5,5,14165,13100.0,23025,22100.0,440,400.0,5515,5100.0,4805,4600.0,,
SD,16,0,zero,random,20,1,1.0,0.0,145,145.0,0.0,11,11,7625,7100.0,1142940,1109700.0,470,400.0,7200,6300.0,4995,4400.0,,
CS,16,1,single,random,20,4,4.0,0.0,377.6,378.0,0.5026246899500346,5,5,14870,13200.0,23675,22200.0,10390,9800.0,18815,17500.0,4925,4700.0,865,800.0
SD,16,1,single,random,20,1,1.0,0.0,143,143.0,0.0,11,11,8000,7200.0,1196525,1126550.0,12295,11850.0,18030,15700.0,11865,11900.0,1770,1700.0
CS,16,1,single,contiguous,10,4,4.0,0.0,377,377.0,0.0,5,5,14340,13200.0,21690,21650.0,10570,9800.0,17870,17400.0,4750,4750.0,820,800.0
SD,16,1,single,contiguous,10,1,1.0,0.0,143,143.0,0.0,11,11,7560,7200.0,1237500,1201450.0,13020,11750.0,15100,15000.0,7200,7100.0,1500,1500.0
CS,16,1,single,uniform,10,4,4.0,0.0,377,377.0,0.0,5,5,14350,13250.0,21860,21750.0,10260,9650.0,18590,17450.0,5110,4800.0,890,800.0
SD,16,1,single,uniform,10,1,1.0,0.0,143,143.0,0.0,11,11,7740,7200.0,1183720,1158050.0,11870,11700.0,16940,15150.0,8400,7150.0,1520,1500.0
CS,16,1,single,clustered,10,4,4.0,0.0,378,378.0,0.0,5,5,14480,13300.0,21750,21750.0,10140,9600.0,17680,17300.0,4980,4600.0,820,800.0
SD,16,1,single,clustered,10,1,1.0,0.0,143,143.0,0.0,11,11,7240,7200.0,1104080,1102950.0,12000,11600.0,16120,15250.0,13080,13100.0,1540,1500.0
CS,16,1,0.01,random,20,4,4.0,0.0,377.6,378.0,0.5026246899500346,5,5,14595,13200.0,22885,22300.0,10880,9750.0,18630,17450.0,4865,4700.0,825,800.0
SD,16,1,0.01,random,20,1,1.0,0.0,143,143.0,0.0,11,11,8125,7200.0,1203295,1157250.0,12975,11750.0,16840,15650.0,13295,12500.0,1915,1700.0
CS,16,1,0.01,contiguous,10,4,4.0,0.0,377,377.0,0.0,5,5,13740,13200.0,25270,21850.0,12560,9950.0,17370,17350.0,5580,4800.0,890,800.0
SD,16,1,0.01,contiguous,10,1,1.0,0.0,143,143.0,0.0,11,11,7240,7200.0,1205970,1194100.0,12710,11650.0,17650,15050.0,7170,7100.0,1630,1500.0
CS,16,1,0.01,uniform,10,4,4.0,0.0,377,377.0,0.0,5,5,13250,13200.0,25060,21950.0,10020,9750.0,17380,17350.0,4730,4700.0,780,800.0
SD,16,1,0.01,uniform,10,1,1.0,0.0,143,143.0,0.0,11,11,7240,7250.0,1169250,1140100.0,13070,12100.0,15190,15000.0,7160,7150.0,1600,1500.0
CS,16,1,0.01,clustered,10,4,4.0,0.0,378,378.0,0.0,5,5,13220,13200.0,21840,21800.0,9620,9600.0,17480,17500.0,4600,4600.0,770,800.0
SD,16,1,0.01,clustered,10,1,1.0,0.0,143,143.0,0.0,11,11,7230,7150.0,1142140,1114750.0,11670,11600.0,15490,15250.0,13500,13200.0,1530,1500.0
CS,16,1,0.05,random,20,4,4.0,0.0,377.6,378.0,0.5026246899500346,5,5,13565,13150.0,22285,22300.0,9860,9800.0,17545,17400.0,4970,4700.0,795,800.0
SD,16,1,0.05,random,20,1,1.0,0.0,143,143.0,0.0,11,11,7420,7150.0,1137825,1111700.0,11905,11700.0,15610,15600.0,11450,11500.0,1765,1700.0
CS,16,1,0.05,contiguous,10,4,4.0,0.0,377,377.0,0.0,5,5,13150,13150.0,21700,21700.0,9740,9700.0,17370,17350.0,4760,4800.0,870,800.0
SD,16,1,0.05,contiguous,10,1,1.0,0.0,143,143.0,0.0,11,11,7170,7200.0,1129040,1109400.0,11740,11600.0,15180,15100.0,7160,7150.0,1740,1500.0
CS,16,1,0.05,uniform,10,4,4.0,0.0,377,377.0,0.0,5,5,14880,13200.0,21690,21650.0,10100,9600.0,17370,17350.0,4760,4800.0,790,800.0
SD,16,1,0.05,uniform,10,1,1.0,0.0,143,143.0,0.0,11,11,7150,7100.0,1110230,1107100.0,11650,11600.0,15040,15000.0,7140,7100.0,1820,1500.0
CS,16,1,0.05,clustered,10,4,4.0,0.0,378,378.0,0.0,5,5,13210,13200.0,21760,21650.0,9580,9600.0,17380,17400.0,5680,4600.0,780,800.0
SD,16,1,0.05,clustered,10,1,1.0,0.0,143,143.0,0.0,11,11,7150,7150.0,1101440,1102300.0,11700,11600.0,15310,15300.0,13120,13100.0,1520,1500.0
CS,16,2,0.10,random,20,5.7,6.0,0.5712405705774793,527.15,553.0,49.838977559842924,5,5,13155,13100.0,22515,22200.0,15725,15900.0,24475,25650.0,4720,4700.0,860,900.0
SD,16,2,0.10,random,20,2.25,2.0,0.44426165831931924,287.75,259.0,51.09009070672172,11,11,7405,7200.0,1173210,1110550.0,19360,19150.0,27420,26050.0,8710,8900.0,2405,2200.0
CS,16,2,0.10,contiguous,10,3,3.0,0.0,289,289.0,0.0,5,5,13230,13200.0,22020,21950.0,10980,10750.0,13430,13400.0,4700,4700.0,700,700.0
SD,16,2,0.10,contiguous,10,1,1.0,0.0,142,142.0,0.0,11,11,7230,7200.0,1202100,1119050.0,12720,12350.0,13110,12850.0,7830,6850.0,1890,1400.0
CS,16,2,0.10,uniform,10,6,6.0,0.0,553,553.0,0.0,5,5,13160,13200.0,21830,21800.0,16130,16050.0,25640,25600.0,5200,4800.0,920,900.0
SD,16,2,0.10,uniform,10,2,2.0,0.0,259,259.0,0.0,11,11,7330,7200.0,1154600,1140800.0,19280,19150.0,27610,25800.0,6730,6700.0,2210,2000.0
CS,16,2,0.10,clustered,10,3,3.0,0.0,290,290.0,0.0,5,5,13510,13250.0,26270,22100.0,12340,10800.0,15250,13400.0,5660,4650.0,900,700.0
SD,16,2,0.10,clustered,10,1,1.0,0.0,143,143.0,0.0,11,11,7290,7300.0,1212850,1157500.0,12270,12300.0,13110,13000.0,11910,10900.0,1510,1400.0
CS,16,4,0.25,random,20,6.15,6.0,0.9880869341680844,567.45,554.0,87.07375881219446,5,5,14090,13200.0,23420,22300.0,22545,22650.0,26280,25750.0,4935,4700.0,940,900.0
SD,16,4,0.25,random,20,3.85,4.0,0.9333020044867295,474.05,491.0,108.73989971245,11,11,7175,7200.0,1148395,1129850.0,25235,25700.0,36980,39400.0,8780,8300.0,3245,3200.0
CS,16,4,0.25,contiguous,10,2,2.0,0.0,202,202.0,0.0,5,5,13820,13200.0,21680,21650.0,15240,14300.0,10910,9300.0,5090,4700.0,700,700.0
SD,16,4,0.25,contiguous,10,1,1.0,0.0,142,142.0,0.0,11,11,7160,7200.0,1152480,1113200.0,15490,15300.0,10660,10600.0,6620,6600.0,1450,1300.0
CS,16,4,0.25,uniform,10,8,8.0,0.0,731,731.0,0.0,5,5,13170,13100.0,21740,21700.0,24760,24700.0,33690,33700.0,5190,4800.0,1030,1000.0
SD,16,4,0.25,uniform,10,4,4.0,0.0,491,491.0,0.0,11,11,7530,7100.0,1108700,1108050.0,29430,29250.0,41510,41500.0,6440,6400.0,3290,3100.0
CS,16,4,0.25,clustered,10,2,2.0,0.0,202,202.0,0.0,5,5,13170,13200.0,22880,21750.0,14560,14200.0,9260,9300.0,4590,4600.0,690,700.0
SD,16,4,0.25,clustered,10,1,1.0,0.0,142,142.0,0.0,11,11,8870,7250.0,1105050,1106050.0,15310,15200.0,10800,10700.0,9380,8700.0,1310,1300.0
CS,16,8,0.50,random,20,5.7,6.0,1.0310954828418375,528.85,555.0,91.12066898234161,5,5,13550,13200.0,23155,22300.0,31440,31950.0,24425,25600.0,5035,4600.0,905,900.0
SD,16,8,0.50,random,20,4.65,5.0,1.2258187382102497,568.35,609.0,143.3417979956704,11,11,7920,7200.0,1141345,1108900.0,38055,35800.0,49745,43200.0,8395,7600.0,3845,3800.0
CS,16,8,0.50,contiguous,10,1,1.0,0.0,115,115.0,0.0,5,5,13120,13100.0,21800,21800.0,22990,23000.0,5120,5100.0,4590,4600.0,600,600.0
SD,16,8,0.50,contiguous,10,1,1.0,0.0,142,142.0,0.0,11,11,8100,7200.0,1100550,1100150.0,23460,23450.0,9120,8400.0,6460,6500.0,1340,1200.0
CS,16,8,0.50,uniform,10,8,8.0,0.0,732,732.0,0.0,5,5,13150,13100.0,21740,21700.0,35480,35450.0,33690,33700.0,4910,4600.0,980,1000.0
SD,16,8,0.50,uniform,10,8,8.0,0.0,961,961.0,0.0,11,11,7190,7200.0,1108970,1108550.0,40390,40300.0,64650,64700.0,6560,6200.0,5600,5600.0
CS,16,8,0.50,clustered,10,1,1.0,0.0,115,115.0,0.0,5,5,13120,13100.0,21910,21850.0,22820,22750.0,5100,5100.0,4600,4600.0,600,600.0
SD,16,8,0.50,clustered,10,1,1.0,0.0,142,142.0,0.0,11,11,7190,7200.0,1108470,1105150.0,23390,23300.0,8570,8500.0,7230,6500.0,1320,1300.0
CS,32,0,zero,random,20,1,1.0,0.0,115,115.0,0.0,6,6,24710,24700.0,49885,49950.0,415,400.0,5150,5100.0,4660,4600.0,,
SD,32,0,zero,random,20,1,1.0,0.0,145,145.0,0.0,16,16,13280,13300.0,3915630,3922900.0,480,400.0,6715,6300.0,4680,4400.0,,
CS,32,1,single,random,20,5,5.0,0.0,465.6,466.0,0.5026246899500346,6,6,24745,24700.0,50025,50000.0,11735,11600.0,22300,21500.0,5340,4700.0,945,800.0
SD,32,1,single,random,20,1,1.0,0.0,143,143.0,0.0,16,16,13880,13250.0,4002690,3960000.0,14105,14000.0,18665,18000.0,14305,14150.0,2340,2200.0
CS,32,1,single,contiguous,10,5,5.0,0.0,465,465.0,0.0,6,6,24720,24700.0,48960,48950.0,11690,11600.0,21450,21450.0,4820,4800.0,860,800.0
SD,32,1,single,contiguous,10,1,1.0,0.0,143,143.0,0.0,16,16,14150,13250.0,3962760,3968200.0,14010,13900.0,19170,17200.0,8060,7600.0,2080,2000.0
CS,32,1,single,uniform,10,5,5.0,0.0,465,465.0,0.0,6,6,31610,24850.0,58120,49100.0,13120,11650.0,23100,21550.0,6450,5700.0,1020,800.0
SD,32,1,single,uniform,10,1,1.0,0.0,143,143.0,0.0,16,16,14990,13350.0,3978770,3925800.0,16500,13950.0,20760,17200.0,7640,7600.0,2080,2000.0
CS,32,1,single,clustered,10,5,5.0,0.0,466,466.0,0.0,6,6,26230,24750.0,53770,48950.0,11520,11500.0,23040,21600.0,5320,4600.0,840,800.0
SD,32,1,single,clustered,10,1,1.0,0.0,143,143.0,0.0,16,16,14220,13250.0,3926780,3930050.0,16840,14050.0,17520,17450.0,17300,15550.0,2190,2000.0
CS,32,1,0.01,random,20,5,5.0,0.0,465.6,466.0,0.5026246899500346,6,6,24670,24700.0,51170,50050.0,12260,11650.0,22130,21600.0,4780,4700.0,850,800.0
SD,32,1,0.01,random,20,1,1.0,0.0,143,143.0,0.0,16,16,13515,13200.0,3942595,3950650.0,14275,14000.0,17920,17800.0,13775,14000.0,2165,2200.0
CS,32,1,0.01,contiguous,10,5,5.0,0.0,465,465.0,0.0,6,6,24700,24700.0,48920,49000.0,12390,11600.0,21470,21500.0,5140,4800.0,860,800.0
SD,32,1,0.01,contiguous,10,1,1.0,0.0,143,143.0,0.0,16,16,13280,13200.0,3933520,3948250.0,14030,14050.0,17160,17200.0,7590,7600.0,2080,1950.0
CS,32,1,0.01,uniform,10,5,5.0,0.0,465,465.0,0.0,6,6,24680,24700.0,48980,49000.0,11760,11600.0,21470,21500.0,4830,4800.0,920,800.0
SD,32,1,0.01,uniform,10,1,1.0,0.0,143,143.0,0.0,16,16,13270,13250.0,3985140,3975050.0,14170,13950.0,17220,17100.0,7630,7600.0,2040,1900.0
CS,32,1,0.01,clustered,10,5,5.0,0.0,466,466.0,0.0,6,6,25320,24750.0,55180,49200.0,12430,11600.0,22930,21500.0,4610,4600.0,870,800.0
SD,32,1,0.01,clustered,10,1,1.0,0.0,143,143.0,0.0,16,16,15380,13350.0,4046730,3994250.0,14960,13900.0,18970,17500.0,16790,15550.0,2240,2100.0
CS,32,2,0.05,random,20,7.1,8.0,1.2523661815266247,650.4,729.0,110.07480709905758,6,6,26510,24700.0,52230,50100.0,18740,19400.0,31685,33700.0,5265,4700.0,945,900.0
SD,32,2,0.05,random,20,2.35,2.0,0.5871429486123998,299.7,259.0,68.23033744140814,16,16,14225,13300.0,3943095,3955350.0,22810,23450.0,33330,30600.0,12725,12350.0,3430,2900.0
CS,32,2,0.05,contiguous,10,4,4.0,0.0,377,377.0,0.0,6,6,26230,24750.0,48970,49000.0,12740,12600.0,17390,17400.0,5150,4800.0,800,750.0
SD,32,2,0.05,contiguous,10,1,1.0,0.0,143,143.0,0.0,16,16,13290,13300.0,3905200,3922700.0,14500,14500.0,16610,15000.0,7290,7300.0,1800,1800.0
CS,32,2,0.05,uniform,10,8,8.0,0.0,729,729.0,0.0,6,6,24810,24800.0,48860,48800.0,19850,19700.0,33650,33700.0,5020,4900.0,990,900.0
SD,32,2,0.05,uniform,10,2,2.0,0.0,259,259.0,0.0,16,16,13280,13300.0,3962340,3971550.0,24020,23700.0,30360,30350.0,7100,7100.0,3000,2600.0
CS,32,2,0.05,clustered,10,4,4.0,0.0,378,378.0,0.0,6,6,29400,24800.0,48980,48850.0,12480,12500.0,18290,17400.0,4950,4600.0,780,700.0
SD,32,2,0.05,clustered,10,1,1.0,0.0,143,143.0,0.0,16,16,13290,13300.0,3931680,3946950.0,16680,14500.0,16110,15300.0,14050,13300.0,2050,1800.0
CS,32,3,0.10,random,20,8.75,9.0,1.25131509768092,796.05,817.5,110.12742619347826,6,6,26720,24700.0,58445,49900.0,27180,24500.0,42695,38050.0,5530,4700.0,1205,1000.0
SD,32,3,0.10,random,20,3.65,4.0,0.6708203932499369,450.95,491.0,78.3557843899761,16,16,14775,13300.0,3943385,3940150.0,31730,29400.0,45790,42100.0,10885,10050.0,4475,4400.0
CS,32,3,0.10,contiguous,10,4,4.0,0.0,377,377.0,0.0,6,6,25910,24700.0,52210,48950.0,15790,15500.0,19010,17400.0,5600,4800.0,840,700.0
SD,32,3,0.10,contiguous,10,2,2.0,0.0,259,259.0,0.0,16,16,13240,13200.0,3921880,3938600.0,17770,17800.0,21030,21000.0,8140,7700.0,2690,2500.0
CS,32,3,0.10,uniform,10,10,10.0,0.0,906,906.0,0.0,6,6,24710,24700.0,49160,49200.0,26370,26100.0,41820,41850.0,4990,5000.0,1020,1000.0
SD,32,3,0.10,uniform,10,3,3.0,0.0,375,375.0,0.0,16,16,14550,13300.0,3956880,3947150.0,31410,31400.0,41030,41000.0,7690,7700.0,3440,3300.0
CS,32,3,0.10,clustered,10,4,4.0,0.0,378,378.0,0.0,6,6,24720,24700.0,49130,49000.0,15240,15100.0,18670,17400.0,4930,4600.0,810,800.0
SD,32,3,0.10,clustered,10,2,2.0,0.0,260,260.0,0.0,16,16,13310,13250.0,3941200,3943800.0,18100,17200.0,23530,21300.0,11080,11000.0,2960,2550.0
CS,32,8,0.25,random,20,12.8,13.0,1.6415653633362466,1153.7,1172.0,144.8818393326819,6,6,25625,24800.0,50275,50100.0,44410,44800.0,53250,54200.0,4885,4700.0,1405,1200.0
SD,32,8,0.25,random,20,7.55,8.0,1.394538218230416,907.5,960.0,163.1378171008214,16,16,13800,13300.0,3949890,3955400.0,51860,52400.0,74175,77600.0,10270,9750.0,8135,7550.0
CS,32,8,0.25,contiguous,10,2,2.0,0.0,202,202.0,0.0,6,6,24670,24650.0,49320,49300.0,25900,25900.0,9860,9300.0,4660,4700.0,660,600.0
SD,32,8,0.25,contiguous,10,1,1.0,0.0,142,142.0,0.0,16,16,13250,13200.0,3993480,3960100.0,29470,27000.0,10800,10700.0,7340,6800.0,1600,1600.0
CS,32,8,0.25,uniform,10,16,16.0,0.0,1436,1436.0,0.0,6,6,26810,24700.0,53230,49200.0,54310,49850.0,71420,65900.0,5480,5000.0,1490,1400.0
SD,32,8,0.25,uniform,10,8,8.0,0.0,961,961.0,0.0,16,16,14860,13200.0,3988530,3955600.0,59120,59100.0,84230,83200.0,6490,6500.0,7880,7300.0
CS,32,8,0.25,clustered,10,2,2.0,0.0,202,202.0,0.0,6,6,28180,24800.0,58400,49400.0,25350,25000.0,10020,9300.0,4980,4600.0,710,700.0
SD,32,8,0.25,clustered,10,1,1.0,0.0,142,142.0,0.0,16,16,13320,13300.0,3952130,3947650.0,27780,26400.0,11090,10800.0,9650,8900.0,1620,1600.0
CS,32,16,0.50,random,20,11.85,12.0,1.4244112357114616,1070.75,1084.0,125.45365048914532,6,6,24735,24700.0,51650,50000.0,64325,64400.0,49815,49950.0,5115,4750.0,1225,1200.0
SD,32,16,0.50,random,20,10,10.0,1.6543403837370223,1195.85,1196.0,193.97267170511688,16,16,13290,13300.0,3958640,3961350.0,71890,72250.0,85700,86300.0,8640,8900.0,9410,9250.0
CS,32,16,0.50,contiguous,10,1,1.0,0.0,115,115.0,0.0,6,6,24800,24700.0,48990,49000.0,45650,45550.0,5150,5100.0,4610,4600.0,660,600.0
SD,32,16,0.50,contiguous,10,1,1.0,0.0,142,142.0,0.0,16,16,13260,13300.0,3966500,3961300.0,46250,46200.0,8510,8450.0,6640,6600.0,1610,1500.0
CS,32,16,0.50,uniform,10,16,16.0,0.0,1436,1436.0,0.0,6,6,24720,24600.0,49130,49250.0,70870,70850.0,66010,66050.0,4920,4600.0,1390,1400.0
SD,32,16,0.50,uniform,10,16,16.0,0.0,1899,1899.0,0.0,16,16,14380,13300.0,3961240,3967800.0,80940,80750.0,129610,129550.0,6620,6200.0,13780,13750.0
CS,32,16,0.50,clustered,10,1,1.0,0.0,115,115.0,0.0,6,6,28820,24800.0,57540,48800.0,53750,45050.0,7000,5300.0,5470,4600.0,700,600.0
SD,32,16,0.50,clustered,10,1,1.0,0.0,142,142.0,0.0,16,16,14320,13250.0,3961240,3954200.0,45670,45650.0,8570,8600.0,6640,6600.0,1720,1600.0
CS,64,0,zero,random,20,1,1.0,0.0,115,115.0,0.0,7,7,49520,48150.0,107575,107150.0,405,400.0,5525,5100.0,4770,4600.0,,
SD,64,0,zero,random,20,1,1.0,0.0,145,145.0,0.0,22,22,27115,24800.0,12276855,12288550.0,470,500.0,6475,6300.0,4540,4350.0,,
CS,64,1,single,random,20,6,6.0,0.0,553.9,554.0,0.8522416262267903,7,7,50670,47900.0,115915,107650.0,15360,13500.0,26915,25700.0,4930,4650.0,1030,900.0
SD,64,1,single,random,20,1,1.0,0.0,143.3,143.0,0.47016234598162726,22,22,25365,24800.0,12294235,12274850.0,18075,16300.0,21910,20550.0,17115,17100.0,3110,2700.0
CS,64,1,single,contiguous,10,6,6.0,0.0,553,553.0,0.0,7,7,51380,47950.0,107520,105100.0,13520,13450.0,25590,25600.0,4870,4900.0,880,900.0
SD,64,1,single,contiguous,10,1,1.0,0.0,143,143.0,0.0,22,22,24760,24750.0,12340280,12332250.0,18340,16300.0,19850,19600.0,8610,8200.0,2500,2500.0
CS,64,1,single,uniform,10,6,6.0,0.0,553,553.0,0.0,7,7,47900,47950.0,105140,105100.0,13540,13400.0,25590,25600.0,5640,4850.0,950,900.0
SD,64,1,single,uniform,10,1,1.0,0.0,143,143.0,0.0,22,22,24790,24800.0,12340580,12345450.0,16430,16300.0,19630,19600.0,8730,8200.0,2850,2500.0
CS,64,1,single,clustered,10,6,6.0,0.0,554,554.0,0.0,7,7,55680,48050.0,114440,104800.0,13340,13300.0,25660,25600.0,5090,4600.0,900,800.0
SD,64,1,single,clustered,10,1,1.0,0.0,143,143.0,0.0,22,22,26660,24900.0,12336500,12302150.0,17910,16200.0,21650,19950.0,18070,18100.0,2540,2500.0
CS,64,1,0.01,random,20,6,6.0,0.0,553.9,554.0,0.8522416262267903,7,7,49900,47900.0,111980,107300.0,13460,13400.0,25730,25700.0,4690,4700.0,895,900.0
SD,64,1,0.01,random,20,1,1.0,0.0,143.3,143.0,0.47016234598162726,22,22,25560,24800.0,12229000,12251200.0,16350,16300.0,21510,20500.0,17285,17500.0,2795,2700.0
CS,64,1,0.01,contiguous,10,6,6.0,0.0,553,553.0,0.0,7,7,51920,48000.0,104840,104750.0,13450,13400.0,27230,25650.0,4870,4900.0,880,900.0
SD,64,1,0.01,contiguous,10,1,1.0,0.0,143,143.0,0.0,22,22,24830,24800.0,12208480,12214100.0,17230,16450.0,19560,19500.0,8690,8100.0,2970,2500.0
CS,64,1,0.01,uniform,10,6,6.0,0.0,553,553.0,0.0,7,7,49120,47850.0,105130,105200.0,13470,13500.0,25950,25600.0,4880,4900.0,900,900.0
SD,64,1,0.01,uniform,10,1,1.0,0.0,143,143.0,0.0,22,22,24820,24850.0,12337550,12266050.0,16480,16400.0,19520,19500.0,8600,8100.0,2860,2500.0
CS,64,1,0.01,clustered,10,6,6.0,0.0,554,554.0,0.0,7,7,47880,47950.0,105210,105300.0,13260,13250.0,25630,25600.0,4600,4600.0,920,800.0
SD,64,1,0.01,clustered,10,1,1.0,0.0,143,143.0,0.0,22,22,24850,24800.0,12335240,12330950.0,16170,16100.0,20050,19900.0,18040,18000.0,2530,2500.0
CS,64,3,0.05,random,20,11.75,12.0,1.25131509768092,1061.15,1082.5,110.36412222132793,7,7,50750,47800.0,110785,107300.0,30675,29850.0,52215,52000.0,4725,4700.0,1270,1200.0
SD,64,3,0.05,random,20,3.75,4.0,0.7163503994113789,463.75,492.5,83.30658342595298,22,22,25425,24800.0,12331980,12333800.0,37130,36600.0,50790,48550.0,11915,12650.0,5570,5550.0
CS,64,3,0.05,contiguous,10,5,5.0,0.0,465,465.0,0.0,7,7,47880,47900.0,104750,104950.0,17620,17600.0,21440,21400.0,5160,4800.0,860,800.0
SD,64,3,0.05,contiguous,10,2,2.0,0.0,260,260.0,0.0,22,22,24810,24800.0,12197050,12209750.0,20210,20150.0,23170,23150.0,8120,8100.0,3370,3100.0
CS,64,3,0.05,uniform,10,13,13.0,0.0,1171,1171.0,0.0,7,7,51800,47950.0,114470,104900.0,37050,32050.0,63190,53900.0,5530,5100.0,1290,1200.0
SD,64,3,0.05,uniform,10,3,3.0,0.0,376,376.0,0.0,22,22,26500,24850.0,12258360,12293550.0,38800,38700.0,51510,47900.0,9420,8300.0,4190,4200.0
CS,64,3,0.05,clustered,10,5,5.0,0.0,466,466.0,0.0,7,7,47800,47800.0,105060,105200.0,17490,17250.0,21480,21500.0,5490,4600.0,870,800.0
SD,64,3,0.05,clustered,10,2,2.0,0.0,260,260.0,0.0,22,22,26660,24850.0,12243270,12241200.0,19860,19750.0,25350,23350.0,15650,13500.0,3450,3200.0
CS,64,6,0.10,random,20,17.45,18.0,1.6050905860647504,1564.95,1612.0,141.77204646154593,7,7,47855,47800.0,107115,107150.0,48255,48400.0,75705,74250.0,5245,4700.0,1545,1500.0
SD,64,6,0.10,random,20,6.9,7.0,0.7181848464596079,832.9,844.0,84.06319677856403,22,22,24875,24900.0,12272710,12284850.0,57560,58600.0,80065,81300.0,11800,12050.0,8485,8600.0
CS,64,6,0.10,contiguous,10,4,4.0,0.0,377,377.0,0.0,7,7,47940,47850.0,104900,105000.0,26590,24550.0,19190,17400.0,4750,4750.0,850,750.0
SD,64,6,0.10,contiguous,10,2,2.0,0.0,259,259.0,0.0,22,22,24840,24800.0,12271380,12232150.0,26870,26750.0,20870,20800.0,8050,8000.0,3510,3100.0
CS,64,6,0.10,uniform,10,20,20.0,0.0,1791,1791.0,0.0,7,7,49610,48000.0,105830,105550.0,52120,51800.0,82160,82200.0,5310,5300.0,1600,1600.0
SD,64,6,0.10,uniform,10,6,6.0,0.0,728,728.0,0.0,22,22,26430,24850.0,12186080,12200850.0,63240,63300.0,80470,80500.0,9280,9100.0,7470,7150.0
CS,64,6,0.10,clustered,10,4,4.0,0.0,378,378.0,0.0,7,7,47830,47850.0,105710,105950.0,28240,24150.0,18530,17350.0,5640,4600.0,890,800.0
SD,64,6,0.10,clustered,10,2,2.0,0.0,260,260.0,0.0,22,22,26590,24900.0,12336320,12335650.0,26060,25900.0,21110,21100.0,11320,11300.0,3550,3100.0
CS,64,16,0.25,random,20,25.6,26.0,2.5422741580594415,2286.2,2320.0,223.87581143877162,7,7,48040,48100.0,109260,107300.0,89100,88900.0,109250,106300.0,5095,5250.0,1965,1900.0
SD,64,16,0.25,random,20,15.15,15.0,1.4244112357114616,1803.9,1788.5,166.96167224845348,22,22,25705,24900.0,12294670,12272200.0,104145,104450.0,146570,145600.0,11545,10050.0,17880,16800.0
CS,64,16,0.25,contiguous,10,2,2.0,0.0,202,202.0,0.0,7,7,47840,47800.0,105290,105200.0,48290,48350.0,9220,9200.0,4650,4650.0,680,600.0
SD,64,16,0.25,contiguous,10,1,1.0,0.0,142,142.0,0.0,22,22,24900,24900.0,12217350,12222300.0,51010,49850.0,11060,10600.0,8530,7000.0,2160,1900.0
CS,64,16,0.25,uniform,10,32,32.0,0.0,2851,2851.0,0.0,7,7,52320,47950.0,105640,105400.0,100240,99750.0,130580,130600.0,5940,5400.0,2540,2200.0
SD,64,16,0.25,uniform,10,16,16.0,0.0,1906,1906.0,0.0,22,22,24850,24800.0,12243410,12231500.0,117550,117600.0,166170,165550.0,6490,6450.0,17510,17550.0
CS,64,16,0.25,clustered,10,2,2.0,0.0,202,202.0,0.0,7,7,47910,47950.0,111780,105150.0,47270,47250.0,9990,9200.0,4640,4600.0,730,700.0
SD,64,16,0.25,clustered,10,1,1.0,0.0,142,142.0,0.0,22,22,24860,24900.0,12292970,12284350.0,48590,48550.0,10930,10750.0,9080,9100.0,1900,1900.0
CS,64,32,0.50,random,20,23.1,24.0,2.0235456115702615,2067.6,2146.0,178.9717413742357,7,7,47985,47950.0,108450,107550.0,135145,130750.0,94695,98200.0,5335,5000.0,1975,1800.0
SD,64,32,0.50,random,20,18.15,18.5,2.3232237130876205,2157.1,2199.5,272.9836895069779,22,22,26035,24900.0,12290360,12269350.0,144190,145350.0,158350,162450.0,10925,11800.0,20060,20300.0
CS,64,32,0.50,contiguous,10,1,1.0,0.0,115,115.0,0.0,7,7,47930,48000.0,106650,106550.0,90570,90450.0,5560,5100.0,4620,4600.0,650,600.0
SD,64,32,0.50,contiguous,10,1,1.0,0.0,142,142.0,0.0,22,22,24870,24900.0,12229280,12259850.0,92050,92300.0,8390,8400.0,6790,6800.0,1930,1800.0
CS,64,32,0.50,uniform,10,32,32.0,0.0,2858,2858.0,0.0,7,7,47950,47950.0,105170,104950.0,143170,143150.0,130470,130450.0,4590,4600.0,2200,2200.0
SD,64,32,0.50,uniform,10,32,32.0,0.0,3785,3785.0,0.0,22,22,24940,24900.0,12195850,12212350.0,176110,162400.0,278370,258000.0,6670,6250.0,38370,34300.0
CS,64,32,0.50,clustered,10,1,1.0,0.0,115,115.0,0.0,7,7,47890,47800.0,106300,105750.0,88140,88200.0,5100,5100.0,4830,4600.0,600,600.0
SD,64,32,0.50,clustered,10,1,1.0,0.0,142,142.0,0.0,22,22,24880,24900.0,12313120,12357050.0,91850,89550.0,8630,8600.0,6820,6800.0,2180,1900.0
CS,128,0,zero,random,20,1,1.0,0.0,115,115.0,0.0,8,8,97925,94050.0,232800,232300.0,410,400.0,5505,5100.0,5090,4600.0,,
SD,128,0,zero,random,20,1,1.0,0.0,145,145.0,0.0,29,29,48025,48000.0,36388420,36361600.0,510,500.0,6770,6300.0,4655,4300.0,,
CS,128,1,single,random,20,7,7.0,0.0,642.9,643.0,0.8522416262267903,8,8,95905,93800.0,242735,232900.0,16185,15450.0,30925,29600.0,5485,4700.0,970,900.0
SD,128,1,single,random,20,1,1.0,0.0,144,144.0,0.0,29,29,49940,48200.0,36551020,36429900.0,20455,18800.0,25240,23000.0,21210,19650.0,3575,3300.0
CS,128,1,single,contiguous,10,7,7.0,0.0,642,642.0,0.0,8,8,93940,94000.0,232070,232000.0,15830,15800.0,29610,29600.0,4910,4900.0,970,900.0
SD,128,1,single,contiguous,10,1,1.0,0.0,144,144.0,0.0,29,29,48130,48150.0,36467330,36436050.0,21010,19150.0,22200,22150.0,8970,8800.0,3160,3200.0
CS,128,1,single,uniform,10,7,7.0,0.0,642,642.0,0.0,8,8,93740,93600.0,232670,232600.0,16280,15750.0,29660,29650.0,4930,4900.0,910,900.0
SD,128,1,single,uniform,10,1,1.0,0.0,144,144.0,0.0,29,29,48140,48150.0,36312160,36410400.0,19380,19300.0,23490,22100.0,9850,8800.0,3150,3150.0
CS,128,1,single,clustered,10,7,7.0,0.0,643,643.0,0.0,8,8,93850,93850.0,236240,233950.0,15630,15500.0,34240,29700.0,5020,4600.0,910,900.0
SD,128,1,single,clustered,10,1,1.0,0.0,144,144.0,0.0,29,29,56400,48250.0,36471930,36537150.0,20370,18850.0,24350,22450.0,22590,20750.0,3420,3200.0
CS,128,1,0.01,random,20,7,7.0,0.0,642.9,643.0,0.8522416262267903,8,8,93925,94100.0,233160,233150.0,15615,15500.0,29690,29700.0,4855,4700.0,900,900.0
SD,128,1,0.01,random,20,1,1.0,0.0,144,144.0,0.0,29,29,48155,48200.0,36462550,36429550.0,19365,19000.0,23000,22900.0,19300,19550.0,3440,3300.0
CS,128,1,0.01,contiguous,10,7,7.0,0.0,642,642.0,0.0,8,8,101780,94050.0,237310,234100.0,18720,15850.0,29720,29650.0,4920,4900.0,900,900.0
SD,128,1,0.01,contiguous,10,1,1.0,0.0,144,144.0,0.0,29,29,48140,48200.0,36502310,36490800.0,19330,19300.0,24180,22000.0,8810,8800.0,3250,3200.0
CS,128,1,0.01,uniform,10,7,7.0,0.0,642,642.0,0.0,8,8,94440,94200.0,238170,233150.0,18210,15800.0,32050,29600.0,6250,4900.0,1180,900.0
SD,128,1,0.01,uniform,10,1,1.0,0.0,144,144.0,0.0,29,29,48120,48150.0,36442200,36387800.0,19240,19150.0,22120,22100.0,8760,8750.0,3380,3200.0
CS,128,1,0.01,clustered,10,7,7.0,0.0,643,643.0,0.0,8,8,101080,93900.0,241360,232400.0,16640,15450.0,30330,29600.0,4840,4600.0,1190,900.0
SD,128,1,0.01,clustered,10,1,1.0,0.0,144,144.0,0.0,29,29,51730,48150.0,36475630,36413100.0,19030,18850.0,22460,22400.0,22900,20800.0,3180,3200.0
CS,128,6,0.05,random,20,22.95,24.0,2.5644328397276626,2054.6,2147.5,226.75918132633456,8,8,94365,94050.0,242140,232800.0,61470,61050.0,95390,98850.0,5155,4700.0,1805,1800.0
SD,128,6,0.05,random,20,6.95,7.0,1.050062654772261,842.75,848.0,122.74058008662008,29,29,48770,48200.0,36614365,36559500.0,71655,73650.0,93760,95400.0,12560,12800.0,10930,10850.0
CS,128,6,0.05,contiguous,10,5,5.0,0.0,465,465.0,0.0,8,8,93940,93900.0,233840,233800.0,27620,27450.0,22040,21500.0,5220,4800.0,920,800.0
SD,128,6,0.05,contiguous,10,2,2.0,0.0,260,260.0,0.0,29,29,48260,48200.0,36619160,36588900.0,30290,30250.0,23380,23300.0,9470,8600.0,4090,3900.0
CS,128,6,0.05,uniform,10,26,26.0,0.0,2325,2325.0,0.0,8,8,101450,93850.0,233800,232650.0,68220,64700.0,106750,106700.0,5610,5600.0,2080,1900.0
SD,128,6,0.05,uniform,10,6,6.0,0.0,731,731.0,0.0,29,29,48170,48150.0,36543560,36394500.0,79050,79000.0,95250,95350.0,10030,10000.0,9810,9100.0
CS,128,6,0.05,clustered,10,5,5.0,0.0,466,466.0,0.0,8,8,97570,94250.0,236970,232900.0,27330,26950.0,21540,21500.0,5050,4600.0,860,800.0
SD,128,6,0.05,clustered,10,2,2.0,0.0,260,260.0,0.0,29,29,48180,48100.0,36558390,36606350.0,32890,30300.0,23470,23400.0,14830,13800.0,4130,3850.0
CS,128,13,0.10,random,20,35.25,35.0,2.403396719119356,3145.75,3123.5,212.73256623479656,8,8,95905,94200.0,238015,232850.0,101400,101650.0,144140,143300.0,5210,5050.0,2365,2400.0
SD,128,13,0.10,random,20,14.15,14.0,1.0399898784932577,1692.9,1677.0,122.29597402677611,29,29,48145,48100.0,36563550,36532700.0,121065,121150.0,171430,164000.0,14245,13950.0,20375,20150.0
CS,128,13,0.10,contiguous,10,5,5.0,0.0,466,466.0,0.0,8,8,93980,94100.0,233300,232800.0,48130,48200.0,21530,21500.0,5070,4800.0,940,800.0
SD,128,13,0.10,contiguous,10,2,2.0,0.0,260,260.0,0.0,29,29,48100,48050.0,36630490,36557800.0,51440,51200.0,23240,23200.0,9380,8700.0,3750,3750.0
CS,128,13,0.10,uniform,10,42,42.0,0.0,3743,3743.0,0.0,8,8,94020,94050.0,232850,232900.0,114340,114000.0,172110,171350.0,6540,6100.0,2720,2700.0
SD,128,13,0.10,uniform,10,13,13.0,0.0,1560,1560.0,0.0,29,29,50250,48200.0,36472230,36428900.0,137220,136100.0,173060,173150.0,11850,11000.0,19200,18250.0
CS,128,13,0.10,clustered,10,5,5.0,0.0,468,468.0,0.0,8,8,93850,93900.0,232740,232550.0,46620,46450.0,21580,21600.0,5060,4600.0,860,800.0
SD,128,13,0.10,clustered,10,2,2.0,0.0,261,261.0,0.0,29,29,51710,48150.0,36473830,36326550.0,49920,49900.0,25500,23400.0,13850,11900.0,4320,3750.0
CS,128,32,0.25,random,20,48.55,49.0,3.486439897358728,4331.2,4370.5,310.2558536705506,8,8,94105,94100.0,247195,233550.0,185560,179700.0,202590,203650.0,5530,5800.0,3225,3100.0
SD,128,32,0.25,random,20,29.15,29.0,2.0332758116683998,3467.05,3449.0,240.9984658173487,29,29,48195,48150.0,36532220,36464300.0,208425,209200.0,284600,285550.0,16930,16150.0,39900,39800.0
CS,128,32,0.25,contiguous,10,2,2.0,0.0,202,202.0,0.0,8,8,98870,94350.0,236720,234150.0,98790,98750.0,11080,9300.0,5620,4700.0,910,700.0
SD,128,32,0.25,contiguous,10,1,1.0,0.0,142,142.0,0.0,29,29,48490,48150.0,36530770,36391300.0,103730,100550.0,11830,10800.0,7800,7250.0,2590,2300.0
CS,128,32,0.25,uniform,10,64,64.0,0.0,5706,5706.0,0.0,8,8,97150,94150.0,254710,234700.0,220320,203900.0,263270,260700.0,6730,6300.0,4190,4000.0
SD,128,32,0.25,uniform,10,32,32.0,0.0,3803,3803.0,0.0,29,29,52170,48200.0,36369940,36356250.0,240510,240300.0,344640,337550.0,6550,6500.0,45710,43150.0
CS,128,32,0.25,clustered,10,2,2.0,0.0,202,202.0,0.0,8,8,97110,94100.0,249680,232650.0,102450,94450.0,10010,9300.0,4930,4600.0,740,700.0
SD,128,32,0.25,clustered,10,1,1.0,0.0,142,142.0,0.0,29,29,54240,48100.0,36995040,36469650.0,96610,96450.0,11910,10950.0,10120,9400.0,2320,2300.0
CS,128,64,0.50,random,20,47,48.0,3.418217448658846,4203,4290.5,305.1946747138361,8,8,95735,93850.0,235360,233100.0,276145,268300.0,214330,195600.0,5680,5200.0,3490,3100.0
SD,128,64,0.50,random,20,38.2,39.0,3.5777087639996634,4542,4638.0,425.7979506019752,29,29,49915,48150.0,36437695,36412900.0,299870,300750.0,336570,344000.0,16235,17600.0,53365,51350.0
CS,128,64,0.50,contiguous,10,1,1.0,0.0,115,115.0,0.0,8,8,94150,94150.0,233280,233400.0,187480,186800.0,5450,5100.0,4580,4600.0,600,600.0
SD,128,64,0.50,contiguous,10,1,1.0,0.0,142,142.0,0.0,29,29,48290,48300.0,36606070,36570500.0,188260,188350.0,8580,8550.0,7060,7100.0,2200,2200.0
CS,128,64,0.50,uniform,10,64,64.0,0.0,5724,5724.0,0.0,8,8,99490,93800.0,232150,231450.0,298760,295750.0,265320,260800.0,5070,4600.0,4140,3900.0
SD,128,64,0.50,uniform,10,64,64.0,0.0,7607,7607.0,0.0,29,29,48130,48100.0,36591790,36465800.0,335520,335000.0,532270,530400.0,6270,6300.0,84170,84150.0
CS,128,64,0.50,clustered,10,1,1.0,0.0,115,115.0,0.0,8,8,94030,94050.0,232670,232600.0,183280,183200.0,5570,5100.0,4990,4600.0,690,600.0
SD,128,64,0.50,clustered,10,1,1.0,0.0,142,142.0,0.0,29,29,52260,48300.0,36376940,36257400.0,184720,184650.0,8880,8700.0,7050,7050.0,2430,2300.0
CS,256,0,zero,random,20,1,1.0,0.0,115,115.0,0.0,9,9,194200,190650.0,556070,527050.0,415,400.0,5880,5200.0,5365,4600.0,,
SD,256,0,zero,random,20,1,1.0,0.0,145,145.0,0.0,37,37,94445,94350.0,104331335,104070400.0,480,500.0,6870,6400.0,4500,4400.0,,
CS,256,1,single,random,20,8,8.0,0.0,731.9,732.0,0.8522416262267903,9,9,202370,190250.0,528090,526950.0,19895,17900.0,35620,33900.0,4710,4700.0,1025,1000.0
SD,256,1,single,random,20,1,1.0,0.0,144,144.0,0.0,37,37,95165,93850.0,104824245,104540850.0,24775,21900.0,31820,26450.0,27190,24500.0,4845,4150.0
CS,256,1,single,contiguous,10,8,8.0,0.0,731,731.0,0.0,9,9,190510,190200.0,532440,529950.0,19140,17950.0,37130,33900.0,5090,5100.0,1080,1000.0
SD,256,1,single,contiguous,10,1,1.0,0.0,144,144.0,0.0,37,37,94480,94500.0,104367100,104349850.0,22550,21900.0,24760,24700.0,9680,9650.0,3890,3900.0
CS,256,1,single,uniform,10,8,8.0,0.0,731,731.0,0.0,9,9,204950,191650.0,537010,533700.0,18290,18050.0,33840,33850.0,5570,5100.0,1000,1000.0
SD,256,1,single,uniform,10,1,1.0,0.0,144,144.0,0.0,37,37,96760,94500.0,104708270,104661300.0,22260,22200.0,27150,24650.0,10500,9700.0,3920,3900.0
CS,256,1,single,clustered,10,8,8.0,0.0,732,732.0,0.0,9,9,189910,190000.0,536240,529450.0,19200,17900.0,33880,33900.0,5070,4650.0,1000,1000.0
SD,256,1,single,clustered,10,1,1.0,0.0,144,144.0,0.0,37,37,94490,94250.0,104286310,104108650.0,23630,21600.0,28250,25350.0,25190,23750.0,3940,3900.0
CS,256,3,0.01,random,20,17.4,17.5,1.759186414825121,1564.15,1574.0,155.6633597830503,9,9,198020,190600.0,554230,530200.0,44805,43400.0,76085,74900.0,5075,4700.0,1545,1500.0
SD,256,3,0.01,random,20,3.75,4.0,0.7163503994113789,465.55,495.0,83.67007576754887,37,37,97895,94300.0,105481615,104870050.0,52535,53850.0,65000,64500.0,16885,18950.0,8560,8600.0
CS,256,3,0.01,contiguous,10,7,7.0,0.0,642,642.0,0.0,9,9,204630,190300.0,537670,532500.0,23340,23050.0,30940,29900.0,5040,5000.0,930,900.0
SD,256,3,0.01,contiguous,10,2,2.0,0.0,262,262.0,0.0,37,37,94450,94450.0,104959520,105035450.0,26600,26600.0,31340,28200.0,9460,9500.0,5340,5000.0
CS,256,3,0.01,uniform,10,19,19.0,0.0,1705,1705.0,0.0,9,9,191460,190450.0,534550,531150.0,50700,45700.0,85570,78800.0,6050,5500.0,1730,1500.0
SD,256,3,0.01,uniform,10,3,3.0,0.0,378,378.0,0.0,37,37,94230,93900.0,104995080,104764700.0,56970,55500.0,64540,64300.0,10040,10050.0,6970,6600.0
CS,256,3,0.01,clustered,10,7,7.0,0.0,643,643.0,0.0,9,9,193350,190400.0,531790,531550.0,24530,22600.0,32490,29800.0,5390,4600.0,1110,900.0
SD,256,3,0.01,clustered,10,2,2.0,0.0,262,262.0,0.0,37,37,94230,94000.0,105110630,104694000.0,26580,26400.0,34150,29050.0,24780,18850.0,5770,5100.0
CS,256,13,0.05,random,20,47.1,48.0,2.9181825634603826,4200.5,4280.5,258.6530901664072,9,9,198590,190600.0,557370,533250.0,131845,131050.0,202730,200500.0,5440,5100.0,3345,3100.0
SD,256,13,0.05,random,20,15.25,15.0,1.409553867457061,1823.75,1795.0,165.72643120516415,37,37,96565,94500.0,105504650,105020750.0,162270,157300.0,204880,202050.0,18140,19050.0,28310,28000.0
CS,256,13,0.05,contiguous,10,6,6.0,0.0,555,555.0,0.0,9,9,205760,189950.0,543980,536900.0,62070,54200.0,30810,25700.0,4970,5000.0,900,900.0
SD,256,13,0.05,contiguous,10,2,2.0,0.0,261,261.0,0.0,37,37,96320,93900.0,105472310,105107250.0,64970,58150.0,27490,25900.0,10360,9200.0,5410,4550.0
CS,256,13,0.05,uniform,10,55,55.0,0.0,4900,4900.0,0.0,9,9,212040,190600.0,580300,535900.0,164070,140750.0,236660,225200.0,7430,6900.0,3450,3400.0
SD,256,13,0.05,uniform,10,13,13.0,0.0,1560,1560.0,0.0,37,37,94520,94450.0,105259270,104707500.0,168720,168650.0,207150,206500.0,13380,12500.0,26410,22600.0
CS,256,13,0.05,clustered,10,6,6.0,0.0,556,556.0,0.0,9,9,194300,192000.0,535520,532800.0,51950,51800.0,27850,25700.0,5420,4600.0,1030,900.0
SD,256,13,0.05,clustered,10,2,2.0,0.0,261,261.0,0.0,37,37,94710,94800.0,105574010,104814200.0,56520,55650.0,26040,26050.0,15530,14200.0,4870,4600.0
CS,256,26,0.10,random,20,68.15,67.0,4.6935005452669385,6074.2,5973.5,416.7429600327306,9,9,190485,189850.0,533650,529850.0,214675,207800.0,281175,278000.0,6280,6100.0,4335,4100.0
SD,256,26,0.10,random,20,28.3,28.0,1.8381913307436342,3369.3,3333.5,217.39101322634968,37,37,94585,94450.0,105611680,105062950.0,266385,248950.0,351730,338850.0,22695,20850.0,50885,47650.0
CS,256,26,0.10,contiguous,10,5,5.0,0.0,466,466.0,0.0,9,9,222070,191300.0,531900,528350.0,92030,92000.0,21630,21600.0,5230,4800.0,860,800.0
SD,256,26,0.10,contiguous,10,2,2.0,0.0,260,260.0,0.0,37,37,94400,94400.0,105465500,105368650.0,106390,96750.0,26000,23250.0,10810,9300.0,5480,4500.0
CS,256,26,0.10,uniform,10,84,84.0,0.0,7483,7483.0,0.0,9,9,192240,191050.0,580290,532300.0,254420,233550.0,401580,345950.0,8420,7700.0,5300,4950.0
SD,256,26,0.10,uniform,10,26,26.0,0.0,3095,3095.0,0.0,37,37,97200,94450.0,105177590,104843500.0,277350,275650.0,353510,352600.0,18880,17000.0,43590,43750.0
CS,256,26,0.10,clustered,10,5,5.0,0.0,468,468.0,0.0,9,9,205060,190200.0,526060,526650.0,90140,89700.0,21790,21650.0,5030,4600.0,800,800.0
SD,256,26,0.10,clustered,10,2,2.0,0.0,261,261.0,0.0,37,37,102370,94300.0,104982040,105027500.0,101060,94550.0,26350,23600.0,13230,11900.0,4900,4550.0
CS,256,64,0.25,random,20,98.1,98.0,3.8919620271853415,8748.7,8739.0,347.2446581757291,9,9,201705,191000.0,572505,541200.0,411465,380000.0,437885,417200.0,6880,6850.0,6565,5850.0
SD,256,64,0.25,random,20,58.05,58.0,2.910507280798134,6902.65,6899.0,345.498766088131,37,37,104140,94500.0,114457025,114196500.0,491175,439150.0,665680,611100.0,34535,31400.0,106630,97050.0
CS,256,64,0.25,contiguous,10,2,2.0,0.0,202,202.0,0.0,9,9,192090,190300.0,544400,538250.0,204690,201150.0,9800,9350.0,5420,4700.0,700,700.0
SD,256,64,0.25,contiguous,10,1,1.0,0.0,142,142.0,0.0,37,37,96240,95350.0,109691630,108809500.0,206280,206400.0,10920,10900.0,8900,7600.0,3140,2700.0
CS,256,64,0.25,uniform,10,128,128.0,0.0,11420,11420.0,0.0,9,9,208250,190400.0,577210,524750.0,482270,432750.0,539490,534000.0,10420,8100.0,8400,7500.0
SD,256,64,0.25,uniform,10,64,64.0,0.0,7607,7607.0,0.0,37,37,94500,94250.0,109656370,108041650.0,496620,496250.0,686190,682250.0,7260,6550.0,114380,104500.0
CS,256,64,0.25,clustered,10,2,2.0,0.0,202,202.0,0.0,9,9,191760,189750.0,530220,526600.0,198250,197100.0,9470,9400.0,5230,4600.0,780,700.0
SD,256,64,0.25,clustered,10,1,1.0,0.0,142,142.0,0.0,37,37,98920,94600.0,108129240,107649500.0,204320,202850.0,11990,11100.0,11060,9850.0,2960,2700.0
CS,256,128,0.50,random,20,92.7,92.0,3.8946657177005037,8276.05,8214.0,346.9852833220816,9,9,199720,190500.0,532915,530500.0,630090,568400.0,406815,385250.0,6035,6000.0,5860,5550.0
SD,256,128,0.50,random,20,75.15,74.0,4.637093009520875,8952.55,8817.5,552.9302302042132,37,37,99420,94350.0,109283025,107844400.0,644640,635900.0,688340,673000.0,32480,43550.0,130885,120800.0
CS,256,128,0.50,contiguous,10,1,1.0,0.0,115,115.0,0.0,9,9,204820,189700.0,647140,529500.0,481880,395450.0,7140,5300.0,5980,4600.0,750,600.0
SD,256,128,0.50,contiguous,10,1,1.0,0.0,142,142.0,0.0,37,37,98630,94850.0,107907220,107534250.0,444380,399650.0,9530,8700.0,7760,7400.0,2810,2600.0
CS,256,128,0.50,uniform,10,128,128.0,0.0,11420,11420.0,0.0,9,9,191270,189800.0,531700,529650.0,639960,636450.0,532330,531550.0,4650,4650.0,7560,7500.0
SD,256,128,0.50,uniform,10,128,128.0,0.0,15259,15259.0,0.0,37,37,94560,94450.0,108577740,107685050.0,711460,709550.0,1078250,1079450.0,6770,6300.0,206920,205400.0
CS,256,128,0.50,clustered,10,1,1.0,0.0,115,115.0,0.0,9,9,208600,190900.0,537700,531800.0,391440,390250.0,5920,5200.0,5250,4600.0,600,600.0
SD,256,128,0.50,clustered,10,1,1.0,0.0,142,142.0,0.0,37,37,94740,94450.0,109400580,107557500.0,407520,398150.0,10690,8800.0,9320,7400.0,3290,2650.0
CS,512,0,zero,random,20,1,1.0,0.0,115,115.0,0.0,10,10,492730,456300.0,1649655,1570050.0,535,400.0,7390,5650.0,6210,4800.0,,
SD,512,0,zero,random,20,1,1.0,0.0,145,145.0,0.0,46,46,230015,202100.0,347387885,341615300.0,605,500.0,8390,6850.0,5760,4500.0,,
CS,512,1,single,random,20,9,9.0,0.0,820.9,821.0,0.8522416262267903,10,10,437350,401550.0,1381130,1290500.0,22715,20850.0,44875,38500.0,5240,4700.0,1145,1100.0
SD,512,1,single,random,20,1,1.0,0.0,144,144.0,0.0,46,46,222885,196300.0,325120175,322587500.0,31525,25550.0,34330,30300.0,31330,27750.0,5530,5100.0
CS,512,1,single,contiguous,10,9,9.0,0.0,820,820.0,0.0,10,10,444950,414200.0,1344590,1303700.0,24890,21000.0,42650,38200.0,6170,5250.0,1240,1100.0
SD,512,1,single,contiguous,10,1,1.0,0.0,144,144.0,0.0,46,46,204550,195650.0,325372070,320879400.0,28970,26150.0,38100,27800.0,12380,10700.0,5730,4700.0
CS,512,1,single,uniform,10,9,9.0,0.0,820,820.0,0.0,10,10,403250,391750.0,1349950,1333050.0,23520,21000.0,42200,38200.0,5890,5200.0,1250,1100.0
SD,512,1,single,uniform,10,1,1.0,0.0,144,144.0,0.0,46,46,206800,197050.0,327374720,322266800.0,31400,28700.0,30380,27850.0,12950,10500.0,5760,4700.0
CS,512,1,single,clustered,10,9,9.0,0.0,821,821.0,0.0,10,10,418020,406800.0,1327730,1330250.0,24300,21250.0,45400,38400.0,5020,4700.0,1210,1100.0
SD,512,1,single,clustered,10,1,1.0,0.0,144,144.0,0.0,46,46,238740,209000.0,326355150,322760700.0,33510,26600.0,33010,29700.0,29560,26900.0,6070,4850.0
CS,512,5,0.01,random,20,29.85,31.0,2.8887258163600893,2669.65,2770.5,255.76866089248864,10,10,433210,420450.0,1370675,1340300.0,86425,78100.0,141090,133750.0,5795,4900.0,2455,2200.0
SD,512,5,0.01,random,20,5.95,6.0,0.8870412083230169,725,730.0,103.84806715886232,46,46,221030,195850.0,331616935,325199550.0,112325,96750.0,124190,113750.0,18515,21350.0,15710,14300.0
CS,512,5,0.01,contiguous,10,8,8.0,0.0,731,731.0,0.0,10,10,446110,406100.0,1421660,1343750.0,35760,33450.0,35090,34300.0,6150,5150.0,1180,1000.0
SD,512,5,0.01,contiguous,10,2,2.0,0.0,262,262.0,0.0,46,46,218490,204500.0,328915910,324879050.0,52330,38300.0,39670,31500.0,13490,10450.0,6690,5800.0
CS,512,5,0.01,uniform,10,33,33.0,0.0,2949,2949.0,0.0,10,10,451480,431650.0,1434640,1328650.0,81810,79900.0,196080,178350.0,7580,6300.0,2970,2300.0
SD,512,5,0.01,uniform,10,5,5.0,0.0,615,615.0,0.0,46,46,213030,193500.0,324964170,323911450.0,110910,103950.0,144390,140200.0,10610,9000.0,14010,12050.0
CS,512,5,0.01,clustered,10,8,8.0,0.0,732,732.0,0.0,10,10,416520,411000.0,1341080,1352450.0,40430,33750.0,34390,34150.0,4660,4700.0,1010,1000.0
SD,512,5,0.01,clustered,10,2,2.0,0.0,262,262.0,0.0,46,46,234260,192150.0,331517300,327401300.0,46790,40400.0,44670,33250.0,26580,20350.0,8300,5850.0
CS,512,26,0.05,random,20,94,95.0,4.518965880771722,8376.1,8466.5,402.4345517236966,10,10,477555,411150.0,1505010,1392100.0,330165,280250.0,549080,493600.0,7805,5900.0,7270,5950.0
SD,512,26,0.05,random,20,30.5,30.0,2.23606797749979,3631.8,3571.0,265.92709725154293,46,46,219110,196700.0,337358125,330031500.0,421395,360800.0,485615,441200.0,28155,26750.0,71000,64650.0
CS,512,26,0.05,contiguous,10,6,6.0,0.0,555,555.0,0.0,10,10,422810,406650.0,1348960,1315250.0,102900,101650.0,33510,26050.0,6430,5150.0,1140,900.0
SD,512,26,0.05,contiguous,10,2,2.0,0.0,261,261.0,0.0,46,46,224440,201000.0,326002300,325666250.0,109510,105250.0,32110,28150.0,12390,10050.0,5770,5450.0
CS,512,26,0.05,uniform,10,110,110.0,0.0,9799,9799.0,0.0,10,10,446690,415250.0,1325830,1301650.0,353700,306500.0,520170,522050.0,9260,9200.0,6980,6500.0
SD,512,26,0.05,uniform,10,26,26.0,0.0,3097,3097.0,0.0,46,46,217610,196600.0,332420780,330510800.0,413840,399800.0,472340,444600.0,25540,19850.0,66570,53850.0
CS,512,26,0.05,clustered,10,6,6.0,0.0,556,556.0,0.0,10,10,468550,416350.0,1467470,1401600.0,112930,100600.0,30310,26450.0,5380,4700.0,1110,900.0
SD,512,26,0.05,clustered,10,2,2.0,0.0,261,261.0,0.0,46,46,226480,200550.0,332181120,327128850.0,119870,103600.0,35610,29450.0,19320,15100.0,8050,6950.0
CS,512,51,0.10,random,20,135.15,135.5,5.499042978938292,12045.25,12075.5,490.4447900684267,10,10,434470,411800.0,1406675,1353600.0,484085,462600.0,696470,627400.0,7960,7200.0,9785,8100.0
SD,512,51,0.10,random,20,56.5,56.5,2.982404540317303,6720.1,6720.5,354.92280850911794,46,46,224855,201900.0,328480610,326175550.0,551690,532200.0,820860,774150.0,41480,32300.0,133140,116100.0
CS,512,51,0.10,contiguous,10,6,6.0,0.0,555,555.0,0.0,10,10,435910,418050.0,1331100,1306150.0,205320,186200.0,29810,26250.0,5290,5050.0,940,900.0
SD,512,51,0.10,contiguous,10,3,3.0,0.0,379,379.0,0.0,46,46,233640,213900.0,335691980,329445900.0,211440,189650.0,43390,33100.0,13510,11900.0,8030,7100.0
CS,512,51,0.10,uniform,10,166,166.0,0.0,14798,14798.0,0.0,10,10,452410,417150.0,1396690,1395450.0,568520,521450.0,738150,714600.0,11810,10850.0,10800,9600.0
SD,512,51,0.10,uniform,10,51,51.0,0.0,6064,6064.0,0.0,46,46,225850,209450.0,333115140,329862300.0,751770,648250.0,891400,885550.0,35610,33100.0,119550,102200.0
CS,512,51,0.10,clustered,10,6,6.0,0.0,557,557.0,0.0,10,10,437920,423700.0,1290860,1281250.0,186720,183350.0,28460,26000.0,5590,4750.0,960,900.0
SD,512,51,0.10,clustered,10,3,3.0,0.0,380,380.0,0.0,46,46,225950,208900.0,327174510,325890450.0,204670,182250.0,46670,37700.0,16000,12750.0,7780,7200.0
CS,512,128,0.25,random,20,194.95,195.5,6.676549691979659,17380,17427.0,595.5431841693147,10,10,459795,412650.0,1393770,1291200.0,956690,937450.0,981960,907750.0,8355,9350.0,14365,11800.0
SD,512,128,0.25,random,20,117.65,117.0,4.67101927341684,14010.05,13934.5,557.0779473948724,46,46,220130,194650.0,333555995,326864500.0,1045350,1043500.0,1463405,1446850.0,61075,48300.0,261110,239050.0
CS,512,128,0.25,contiguous,10,2,2.0,0.0,202,202.0,0.0,10,10,496770,414950.0,1590050,1454200.0,499510,460100.0,14910,15300.0,5600,4800.0,810,700.0
SD,512,128,0.25,contiguous,10,1,1.0,0.0,142,142.0,0.0,46,46,216590,197950.0,328122590,328009350.0,496360,466200.0,14900,12050.0,10720,9200.0,3590,3100.0
CS,512,128,0.25,uniform,10,256,256.0,0.0,22818,22818.0,0.0,10,10,470320,435200.0,1450550,1411450.0,1017070,1004950.0,1334530,1270450.0,13970,11800.0,16090,15000.0
SD,512,128,0.25,uniform,10,128,128.0,0.0,15265,15265.0,0.0,46,46,215800,193050.0,329857190,325298900.0,1165520,1177450.0,1648110,1653200.0,7360,6650.0,287350,256350.0
CS,512,128,0.25,clustered,10,2,2.0,0.0,202,202.0,0.0,10,10,488640,418450.0,1435180,1350550.0,506870,462250.0,12210,9950.0,5560,4750.0,810,700.0
SD,512,128,0.25,clustered,10,1,1.0,0.0,142,142.0,0.0,46,46,206630,190850.0,330446640,325793150.0,502460,469650.0,16220,12300.0,14490,10600.0,4230,3350.0
CS,512,256,0.50,random,20,182.45,183.5,5.286278165411395,16271.75,16364.0,470.9674114326584,10,10,477790,482500.0,1389265,1352050.0,1389425,1362800.0,887195,819200.0,8405,7750.0,12060,10600.0
SD,512,256,0.50,random,20,148.35,149.5,6.442253610263055,17681.35,17818.5,767.40823384195,46,46,207430,197850.0,334278890,332473300.0,1616620,1532200.0,1773855,1623450.0,74385,28400.0,313305,295950.0
CS,512,256,0.50,contiguous,10,1,1.0,0.0,115,115.0,0.0,10,10,437470,424850.0,1331210,1307150.0,996740,942250.0,7310,5700.0,6220,4800.0,770,700.0
SD,512,256,0.50,contiguous,10,1,1.0,0.0,142,142.0,0.0,46,46,225660,206550.0,333880650,332167350.0,972680,988000.0,11570,9600.0,9490,8000.0,3850,3000.0
CS,512,256,0.50,uniform,10,256,256.0,0.0,22824,22824.0,0.0,10,10,418780,400950.0,1347770,1365500.0,1495890,1513250.0,1227400,1176500.0,6210,4850.0,16630,15150.0
SD,512,256,0.50,uniform,10,256,256.0,0.0,30503,30503.0,0.0,46,46,234110,231500.0,333542960,325702650.0,1691640,1698800.0,2624700,2603150.0,7180,6450.0,547300,538050.0
CS,512,256,0.50,clustered,10,1,1.0,0.0,115,115.0,0.0,10,10,417630,403700.0,1326770,1323800.0,931970,920150.0,6810,5600.0,5800,4750.0,680,600.0
SD,512,256,0.50,clustered,10,1,1.0,0.0,142,142.0,0.0,46,46,216090,207500.0,333919850,331881250.0,987970,900800.0,12090,9900.0,8990,7900.0,3720,3150.0
CS,1024,0,zero,random,20,1,1.0,0.0,115,115.0,0.0,11,11,972640,902850.0,3556820,3368250.0,645,600.0,7555,6000.0,6355,5150.0,,
SD,1024,0,zero,random,20,1,1.0,0.0,145,145.0,0.0,56,56,475190,425950.0,880051045,867488950.0,785,700.0,8670,7500.0,5565,4800.0,,
CS,1024,1,single,random,20,10,10.0,0.0,910.9,911.0,0.8522416262267903,11,11,854550,821050.0,3167550,3221700.0,29620,25700.0,55515,43150.0,6295,5100.0,1535,1300.0
SD,1024,1,single,random,20,1,1.0,0.0,145,145.0,0.0,56,56,484635,442600.0,900506585,871986600.0,35180,29800.0,40355,34850.0,37265,32000.0,7190,6300.0
CS,1024,1,single,contiguous,10,10,10.0,0.0,910,910.0,0.0,11,11,1011140,953100.0,3371140,3135300.0,29470,25600.0,50460,43200.0,5700,5500.0,1270,1200.0
SD,1024,1,single,contiguous,10,1,1.0,0.0,145,145.0,0.0,56,56,420670,387300.0,869318160,866792450.0,31830,29950.0,33510,31700.0,13600,12400.0,6930,6000.0
CS,1024,1,single,uniform,10,10,10.0,0.0,910,910.0,0.0,11,11,898960,873150.0,3294140,3292550.0,26550,25350.0,52500,42900.0,6950,5600.0,1410,1250.0
SD,1024,1,single,uniform,10,1,1.0,0.0,145,145.0,0.0,56,56,429520,414250.0,867006660,866850150.0,35080,29750.0,39660,34050.0,15420,12200.0,6740,6100.0
CS,1024,1,single,clustered,10,10,10.0,0.0,911,911.0,0.0,11,11,876030,805400.0,3105340,3052650.0,28440,25800.0,50100,43250.0,5770,4950.0,1370,1200.0
SD,1024,1,single,clustered,10,1,1.0,0.0,145,145.0,0.0,56,56,406050,393750.0,841294500,850140100.0,38070,33300.0,36350,32050.0,37820,31500.0,6600,6100.0
CS,1024,10,0.01,random,20,59.25,59.0,3.006571749386754,5292.7,5271.0,267.16525538364925,11,11,849640,822800.0,3247380,3216950.0,187330,157400.0,302120,274750.0,5860,5550.0,4240,4000.0
SD,1024,10,0.01,random,20,12.1,12.0,1.4473205733717955,1461.9,1450.5,170.28765137415664,56,56,442625,408350.0,853782030,829763500.0,212005,184700.0,275940,229000.0,27555,27550.0,37140,31200.0
CS,1024,10,0.01,contiguous,10,8,8.0,0.0,731,731.0,0.0,11,11,798600,786850.0,2964380,2796000.0,60290,54500.0,40320,34900.0,5750,5400.0,1170,1100.0
SD,1024,10,0.01,contiguous,10,2,2.0,0.0,262,262.0,0.0,56,56,448280,389500.0,777866650,776070800.0,63440,58800.0,32480,32350.0,11460,11200.0,7370,6800.0
CS,1024,10,0.01,uniform,10,66,66.0,0.0,5891,5891.0,0.0,11,11,837100,805700.0,2946690,2841800.0,193070,167100.0,280450,272850.0,9370,8150.0,4890,4300.0
SD,1024,10,0.01,uniform,10,10,10.0,0.0,1216,1216.0,0.0,56,56,407150,384450.0,787473070,783052150.0,210240,197500.0,231440,223800.0,25560,23350.0,25780,25700.0
CS,1024,10,0.01,clustered,10,8,8.0,0.0,732,732.0,0.0,11,11,923980,799100.0,3177980,3027100.0,68810,53000.0,42810,34850.0,5350,4900.0,1180,1100.0
SD,1024,10,0.01,clustered,10,2,2.0,0.0,262,262.0,0.0,56,56,404460,393000.0,794615690,788090900.0,68840,58500.0,37550,33600.0,28100,20900.0,7630,7000.0
CS,1024,51,0.05,random,20,183.85,186.0,7.314549307985241,16428.8,16622.5,653.541252271846,11,11,813930,785400.0,3004720,2940200.0,595605,545300.0,801015,775700.0,7715,5950.0,13665,11300.0
SD,1024,51,0.05,random,20,60.8,61.5,2.546411303445653,7279.25,7362.0,303.1438558975277,56,56,415405,386450.0,780027990,776546950.0,675265,656600.0,898985,843700.0,42435,29850.0,155820,146600.0
CS,1024,51,0.05,contiguous,10,7,7.0,0.0,645,645.0,0.0,11,11,807520,791150.0,2914430,2895150.0,251960,211700.0,32750,30600.0,6150,5300.0,1170,1050.0
SD,1024,51,0.05,contiguous,10,3,3.0,0.0,381,381.0,0.0,56,56,468880,392900.0,784020730,774404950.0,204210,204100.0,35720,35700.0,13550,13500.0,8740,8700.0
CS,1024,51,0.05,uniform,10,217,217.0,0.0,19388,19388.0,0.0,11,11,799020,782450.0,2849150,2804600.0,575540,575500.0,920400,902250.0,17960,14200.0,13520,12850.0
SD,1024,51,0.05,uniform,10,51,51.0,0.0,6112,6112.0,0.0,56,56,434630,393650.0,771476830,759426650.0,785660,712600.0,875780,822450.0,41930,39400.0,130620,124300.0
CS,1024,51,0.05,clustered,10,7,7.0,0.0,646,646.0,0.0,11,11,850130,795650.0,2924830,2885800.0,218310,198800.0,30710,30750.0,4950,4900.0,1090,1100.0
SD,1024,51,0.05,clustered,10,3,3.0,0.0,381,381.0,0.0,56,56,419520,383550.0,764140780,755634400.0,199210,194650.0,36910,36300.0,15820,15650.0,8930,8850.0
CS,1024,102,0.10,random,20,270.5,270.0,9.703499097585475,24190.55,24146.5,867.0040050292974,11,11,845160,805650.0,2949530,2814900.0,892330,866300.0,1176815,1161050.0,8910,7300.0,16765,15950.0
SD,1024,102,0.10,random,20,111.85,112.5,3.3915529745158586,13400.1,13475.0,405.4252997584272,56,56,408325,387350.0,774511580,767980600.0,1183260,1045300.0,1532600,1377600.0,84500,43000.0,340060,284450.0
CS,1024,102,0.10,contiguous,10,6,6.0,0.0,555,555.0,0.0,11,11,815330,795900.0,2921680,2864600.0,446850,372350.0,26560,26450.0,5220,5200.0,1120,1000.0
SD,1024,102,0.10,contiguous,10,3,3.0,0.0,379,379.0,0.0,56,56,396380,382750.0,775140390,772492300.0,427620,374650.0,34300,33600.0,13390,13450.0,8610,8650.0
CS,1024,102,0.10,uniform,10,332,332.0,0.0,29683,29683.0,0.0,11,11,786280,775450.0,2811830,2794900.0,979020,967300.0,1397680,1408500.0,18090,17500.0,19090,19050.0
SD,1024,102,0.10,uniform,10,102,102.0,0.0,12252,12252.0,0.0,56,56,394940,390050.0,775021810,770847750.0,1196890,1148650.0,1398400,1398350.0,76560,69200.0,269160,246800.0
CS,1024,102,0.10,clustered,10,6,6.0,0.0,557,557.0,0.0,11,11,803560,799600.0,2919660,2876450.0,362290,356800.0,26720,26550.0,5830,4950.0,1130,1000.0
SD,1024,102,0.10,clustered,10,3,3.0,0.0,380,380.0,0.0,56,56,419690,385150.0,772237410,769005350.0,371140,368800.0,41450,34400.0,14570,13450.0,10610,8700.0
CS,1024,256,0.25,random,20,384,382.0,10.750764966662654,34399.35,34216.5,965.1544340565127,11,11,947930,859350.0,3302085,3227150.0,1906805,1763050.0,1876325,1755600.0,14120,15550.0,25860,22100.0
SD,1024,256,0.25,random,20,230.75,230.0,7.538497686437335,27672.4,27592.0,905.7214861790106,56,56,479220,408100.0,861612280,862262150.0,2077320,1992900.0,2640220,2584950.0,220720,94050.0,649805,579150.0
CS,1024,256,0.25,contiguous,10,2,2.0,0.0,202,202.0,0.0,11,11,1075910,930400.0,4402650,3848750.0,1130730,1006200.0,12680,10700.0,5700,5050.0,910,800.0
SD,1024,256,0.25,contiguous,10,1,1.0,0.0,142,142.0,0.0,56,56,428920,400200.0,878449060,872835200.0,1083740,885050.0,13050,12350.0,10270,9200.0,3820,3800.0
CS,1024,256,0.25,uniform,10,512,512.0,0.0,45864,45864.0,0.0,11,11,1019130,844700.0,3513280,3180650.0,2235340,2015350.0,2440460,2348500.0,19910,19050.0,30950,28750.0
SD,1024,256,0.25,uniform,10,256,256.0,0.0,30747,30747.0,0.0,56,56,420600,392200.0,817301680,811340450.0,2619870,2299300.0,3215690,3215150.0,8000,7600.0,673210,609500.0
CS,1024,256,0.25,clustered,10,2,2.0,0.0,202,202.0,0.0,11,11,884040,892400.0,3410410,3360800.0,1087880,1027000.0,11720,10450.0,5650,5050.0,880,800.0
SD,1024,256,0.25,clustered,10,1,1.0,0.0,142,142.0,0.0,56,56,436900,386050.0,900007100,859829100.0,1150980,916850.0,16080,13650.0,15190,12050.0,5150,4100.0
CS,1024,512,0.50,random,20,366.3,366.0,6.634042984168061,32887.2,32866.0,598.5127708262416,11,11,839925,807500.0,2924390,2944100.0,2586590,2558350.0,1602220,1550750.0,9505,11050.0,21345,21150.0
SD,1024,512,0.50,random,20,296.5,293.5,10.713984958184817,35575.25,35217.0,1285.2432444360177,56,56,414720,390500.0,783988535,775668100.0,2884375,2842850.0,2980580,2894550.0,187500,250300.0,734150,712200.0
CS,1024,512,0.50,contiguous,10,1,1.0,0.0,115,115.0,0.0,11,11,789140,779850.0,3008410,2943500.0,1763680,1743650.0,5970,5900.0,5140,5100.0,810,800.0
SD,1024,512,0.50,contiguous,10,1,1.0,0.0,142,142.0,0.0,56,56,397650,390950.0,778357370,773643200.0,1767300,1724150.0,13130,9950.0,10870,9200.0,4330,3700.0
CS,1024,512,0.50,uniform,10,512,512.0,0.0,46108,46108.0,0.0,11,11,824050,795550.0,3277540,3072400.0,3103070,2948300.0,2554760,2209650.0,5890,5250.0,29240,28450.0
SD,1024,512,0.50,uniform,10,512,512.0,0.0,61491,61491.0,0.0,56,56,430780,393550.0,776713330,775352200.0,3173330,3092900.0,4759970,4845050.0,6980,6900.0,1369630,1217750.0
CS,1024,512,0.50,clustered,10,1,1.0,0.0,115,115.0,0.0,11,11,826550,791050.0,3116420,3091650.0,1831300,1726950.0,6490,5900.0,6820,5100.0,770,700.0
SD,1024,512,0.50,clustered,10,1,1.0,0.0,142,142.0,0.0,56,56,398310,386300.0,780042040,771782000.0,1861160,1847350.0,13320,10250.0,10100,9000.0,4470,3800.0
